Section,Category,Item,Detail
COMPETITOR ANALYSIS,Direct Competitors,Brod & Taylor,Price: $20.95 | Rating: 4.9 stars (108+ reviews) | Feature: Single-piece stainless steel / dishwasher safe / silicone handle / one-piece construction | Platform: Amazon / DTC / Breadtopia
COMPETITOR ANALYSIS,Direct Competitors,ORBLUE,Price: $7.99 (1-pack) / $16.99 (2-pack) | Rating: 4.8 stars (5,777 reviews) | Feature: Rubberwood handle / 201 stainless steel ring / 13-inch | Platform: Amazon / Walmart
COMPETITOR ANALYSIS,Direct Competitors,Coson Home,Price: $12.80 (2-pack = $6.40/each) | Rating: 4.8 stars (9,400+ reviews) | Feature: Oak handle / stainless steel ring / 13.5-inch / 2-pack value | Platform: Amazon
COMPETITOR ANALYSIS,Secondary Competitors,King Arthur Baking,Price: $14.99 | Rating: High | Feature: Beechwood handle / 18/8 stainless steel / single-loop or triple-loop options | Platform: Amazon / DTC
COMPETITOR ANALYSIS,Secondary Competitors,Zulay Kitchen,Price: $10-12 | Rating: 4.7 stars (4,000+ reviews) | Feature: Rubberwood handle / stainless steel / lifetime guarantee / 13-inch | Platform: Amazon
COMPETITOR ANALYSIS,Secondary Competitors,TEEVEA,Price: $8-10 | Rating: High | Feature: 4-ring flow design / 304 stainless steel / ergonomic wooden handle | Platform: Amazon
COMPETITOR ANALYSIS,Secondary Competitors,OYV,Price: $7-10 | Rating: 9.7/10 (bestproductsreviews) | Feature: Seamless 18/10 stainless steel / spiral design / dishwasher safe / 30-year warranty | Platform: Amazon
COMPETITOR ANALYSIS,Secondary Competitors,Breadtopia,Price: $15.00 | Rating: 4.91 stars (45 reviews) | Feature: Beechwood handle / stainless steel head / made in Poland / 14-inch | Platform: DTC
COMPETITOR ANALYSIS,Indirect Competitors,Stand Mixers (KitchenAid),Price: $300+ | Need: Hands-free mixing | Audience: High-income / convenience seekers
COMPETITOR ANALYSIS,Indirect Competitors,Wooden Spoons,Price: $2-5 | Need: Basic mixing | Audience: Casual bakers / traditionalists
COMPETITOR ANALYSIS,Indirect Competitors,Balloon Whisks,Price: $3-8 | Need: General mixing | Audience: General cooks
TONE & VOICE,Brod & Taylor,Brand Voice,"Premium / Authoritative / Confident — positions as the gold standard. Uses technical language (full tang stainless steel / one-piece construction). Story-driven: founded in Western Massachusetts on passion for wholesome food. Mission-driven messaging (World Central Kitchen / carbon offset / sustainable packaging)."
TONE & VOICE,Brod & Taylor,Tone on Amazon,"Feature-heavy / benefit-focused / comparison-driven. Leads with ultra-sturdy / heavy-duty / powers through. Social proof: 4.9 stars / 108 reviews. Addresses pain points directly (unstable handle / dough gets trapped). Calls out competitors implicitly."
TONE & VOICE,Brod & Taylor,Tone on DTC,"Warm / community-focused / educational. Uses storytelling about founder story. Customer testimonials featured prominently. Tagline: blending innovative design with simplicity / affordability / and outstanding customer support."
TONE & VOICE,Brod & Taylor,Content Style,"Long-form product descriptions / infographics / video demos. Uses words like: dream / superior / engineered / lifetime. Aspirational but accessible."
TONE & VOICE,ORBLUE,Brand Voice,"Friendly / approachable / value-focused — Friends in the Kitchen. Tagline: High Quality Innovative Kitchen Products. Emphasizes solving everyday kitchen problems with affordable tools."
TONE & VOICE,ORBLUE,Tone on Amazon,"Benefit-led / problem-solution format. Uses phrases like: sturdy / well built / should last me a lifetime. Leverages social proof heavily (5777 reviews). Budget positioning without sounding cheap."
TONE & VOICE,ORBLUE,Tone on DTC,"Warm testimonials / lifestyle imagery. Uses customer quotes as primary content. Simple product descriptions focused on use cases."
TONE & VOICE,ORBLUE,Content Style,"Short bullet points / use-case focused. Keywords: sturdy / ergonomic / easy to clean / professional grade."
TONE & VOICE,King Arthur Baking,Brand Voice,"Warm / community-driven / educational / heritage. 230+ years of history. 100% employee-owned. Certified B Corp. Tagline: Try it once / trust it always. Positioning: baking brings people together."
TONE & VOICE,King Arthur Baking,Tone on Amazon,"Brand-authoritative / quality-first. Uses heritage messaging. Emphasizes 18/8 stainless steel / beechwood handle / made with care."
TONE & VOICE,King Arthur Baking,Tone on DTC,"Inspiration-first / recipe-driven / community-focused. Baker's Hotline for support. 2000+ recipes as content marketing. Brand editor & copywriter maintains consistent voice across all content."
TONE & VOICE,King Arthur Baking,Content Style,"Long-form blog posts / recipe tutorials / instructional videos. Words: hand-crafted / care / love / passion / community. Tone: like a knowledgeable friend who bakes with you."
TONE & VOICE,Zulay Kitchen,Brand Voice,"Family-driven / emotional / accessible. Named after co-founder's mother Zulay who overcame poverty in Venezuela. Story: single mother who cooked healthy meals despite long hours. Mission: cooking should be fast and easy so you have more time with loved ones."
TONE & VOICE,Zulay Kitchen,Tone on Amazon,"Value + guarantee focused. Lifetime warranty emphasized. 1M+ kitchens upgraded / 100k+ 5-star reviews. Uses social proof + emotional story."
TONE & VOICE,Zulay Kitchen,Tone on DTC,"Story-driven / aspirational / family values. Homepage leads with founder story. Uses words: happiness / joy / ease / family."
TONE & VOICE,Zulay Kitchen,Content Style,"Lifestyle imagery / founder photos / customer testimonials. Tone: like a neighbor who wants to make your life easier. Approachable / unpretentious."
TONE & VOICE,HARRY CORNER (Recommended),Brand Voice,"Practical elegance. Durability you can trust. — matches BRAND_GUIDELINES.md. Confident but not arrogant. Premium but accessible. Story: family heritage / craftsmanship / built to last."
TONE & VOICE,HARRY CORNER (Recommended),Tone Guidelines,"Product pages: Feature-led + benefit-focused + social proof. Blog content: Educational / how-to / recipe-driven (already have this). Social media: Lifestyle / behind-the-scenes / customer stories. Email: Warm / helpful / value-focused."
TONE & VOICE,HARRY CORNER (Recommended),Differentiation from Competitors,"Don't copy Brod & Taylor's technical language. Don't copy Zulay's emotional family story. Don't copy King Arthur's heritage angle. Instead: focus on PRACTICAL + ELEGANT — the tool that just works. Simple. No overthinking."
TONE & VOICE,HARRY CORNER (Recommended),Key Messages,"1) This is the last dough whisk you'll buy. 2) Mixes dough in seconds, not minutes. 3) Dishwasher safe (if applicable). 4) Designed for bakers who take their craft seriously. 5) Quality you can feel the moment you pick it up."
DEMOGRAPHICS,Age,,25-55 (core: 30-45)
DEMOGRAPHICS,Income,,$40K-$100K (middle to upper-middle class)
DEMOGRAPHICS,Location,,US / UK / Canada / Australia / Europe (Germany / France)
DEMOGRAPHICS,Education,,College-educated / research-driven buyers
DEMOGRAPHICS,Gender,,60% female / 40% male
DEMOGRAPHICS,Marital Status,,Mixed — singles and couples
DEMOGRAPHICS,Occupation,,Remote workers / healthcare / teachers / creative professionals / stay-at-home parents
TARGET AUDIENCE FORMULA,High Urgency,Score: 7/10,Bakers actively frustrated with current tools. Searching right now. Post-pandemic sourdough hobby drives ongoing demand.
TARGET AUDIENCE FORMULA,High Agency,Score: 8/10,Disposable income ($10-20 impulse buy). Make own purchasing decisions. Shop Amazon/Walmart online.
TARGET AUDIENCE FORMULA,Low Ability,Score: 9/10,Can't mix thick sourdough dough effectively with spoon or balloon whisk. Need specialized tool.
TARGET AUDIENCE FORMULA,Total Score,24/30,Very strong buyer profile. Ready to purchase.
PERSONA 1,Sourdough Sarah,Age: 34 | Location: Portland OR | Income: $75K,Marketing manager / remote / Bachelor's Communications
PERSONA 1,Sourdough Sarah,Interests,Fermentation / farmers markets / sustainable living / Instagram food photography
PERSONA 1,Sourdough Sarah,Brands,Brod & Taylor / King Arthur Baking / OXO / Crate & Barrel
PERSONA 1,Sourdough Sarah,Values,Health / sustainability / authentic food / supporting small businesses
PERSONA 1,Sourdough Sarah,Goals,Master artisan sourdough / eventually sell at farmers market
PERSONA 1,Sourdough Sarah,Struggles,Wooden spoon clogs with sticky dough. Wastes 10 min per bake. Sees TikTok bakers with Danish whisks. Paralyzed by 373 Amazon options.
PERSONA 1,Sourdough Sarah,Narrative,Started sourdough during pandemic and never stopped. Invested in quality ingredients but mixing tool lets her down. Wants someone to tell her which whisk is best.
PERSONA 2,Gift-Giving Greg,Age: 42 | Location: Chicago IL | Income: $95K,Project manager / corporate / MBA
PERSONA 2,Gift-Giving Greg,Interests,Grilling / craft beer / golf / buying gifts for wife
PERSONA 2,Gift-Giving Greg,Brands,Amazon / Williams Sonoma / Weber / Yeti
PERSONA 2,Gift-Giving Greg,Values,Quality tools / convenience / good deals
PERSONA 2,Gift-Giving Greg,Goals,Find perfect anniversary/birthday gift for wife who bakes
PERSONA 2,Gift-Giving Greg,Struggles,Wife mentioned wanting "one of those dough things." Needs premium-looking bundle/set. Ideal: sourdough kit with whisk + lame + scraper at $25-35.
PERSONA 2,Gift-Giving Greg,Narrative,Not a baker himself but wife recently got into sourdough. Wants to surprise her with something thoughtful without hours of research. Curated kit = instant buy.
PERSONA 3,Newbie Nora,Age: 27 | Location: Austin TX | Income: $52K,Junior software developer / entry-level tech / CS degree
PERSONA 3,Newbie Nora,Interests,Meal prepping / TikTok / self-improvement / budget cooking
PERSONA 3,Newbie Nora,Brands,TikTok shop finds / Amazon basics / Trader Joe's
PERSONA 3,Newbie Nora,Values,Learning new skills / eating healthy on a budget / aesthetic kitchen
PERSONA 3,Newbie Nora,Goals,Learn to bake bread from scratch / make sourdough pizza
PERSONA 3,Newbie Nora,Struggles,Just bought first sourdough starter kit. Overwhelmed by tools. Wants one affordable whisk under $10 with 4.8+ stars. 2-pack = can split with roommate.
PERSONA 3,Newbie Nora,Narrative,Discovered sourdough through TikTok. On tight budget but understands cheap = waste. Needs trustworthy product with good reviews at low price.
RESEARCH QUESTIONS,Problem Discovery,Q1: What problem does it solve?,My regular whisk gets clogged with dough. A spoon doesn't mix well. I need something that cuts through thick dough without sticking.
RESEARCH QUESTIONS,Problem Discovery,Q2: What conditions led to this problem?,I started baking sourdough and realized my regular kitchen tools aren't designed for heavy sticky dough.
RESEARCH QUESTIONS,Problem Discovery,Q3: Consequences of not solving?,I waste time. My dough isn't mixed evenly. Baking becomes frustrating instead of enjoyable.
RESEARCH QUESTIONS,Problem Discovery,Q4: What outcome are you looking for?,Easy mixing. Easy cleanup. Dough that comes out right every time.
RESEARCH QUESTIONS,Problem Discovery,Q5: What would make you buy?,Good reviews. Durable materials. Comfortable handle. Price that makes sense.
RESEARCH QUESTIONS,Problem Discovery,Q6: Tried similar products?,Wooden spoons (too sticky) and balloon whisks (get clogged). Need something purpose-built for dough.
RESEARCH QUESTIONS,Solution Evaluation,Q1: What do you like about existing solutions?,The concept is great — simple design cuts through dough. But quality varies wildly between brands.
RESEARCH QUESTIONS,Solution Evaluation,Q2: What don't you like?,Wooden handles can crack. Some are too small. Cleaning where wire meets handle is annoying.
RESEARCH QUESTIONS,Solution Evaluation,Q3: Improvements needed?,Dishwasher safe would be huge. Thicker handle for grip. Bundle with other sourdough tools.
RESEARCH QUESTIONS,Solution Evaluation,Q4: What would stop you from buying?,Bad reviews. Flimsy construction. Can't tell difference between this and a $3 generic one.
MARKET INSIGHTS,Market Size,Global Sourdough Market,$4.9B in 2026 → $8.2B by 2033 (7.6% CAGR)
MARKET INSIGHTS,Market Size,DIY Sourdough Starter Kit Market,Projected $1.39B by 2034
MARKET INSIGHTS,Competition,Amazon Listings,373+ Danish dough whisk listings — extremely competitive
MARKET INSIGHTS,Complaints,Top Complaint,Cleaning where wire meets handle / wooden handles cracking over time
MARKET INSIGHTS,Pricing,Pricing Sweet Spot,$7-12 for single / $15-25 for bundles/kits
MARKET INSIGHTS,Differentiator,Biggest Differentiator,Dishwasher-safe models command premium pricing
MARKET INSIGHTS,Opportunity,Bundle Opportunity,Whisk + lame + scraper sets ($20-35) outperform single whisks for gift buyers
STRATEGY,Recommendation 1,Bundle Strategy,"Whisk + lame + scraper to increase AOV and target gift buyers (Persona 2)"
STRATEGY,Recommendation 2,Premium Positioning,"Dishwasher-safe single-piece stainless steel to compete with Brod & Taylor"
STRATEGY,Recommendation 3,Content Marketing,"Recipes + how-to guides to drive organic traffic (already have this on site)"
